,titles,author,number_of_reviews,number_of_ratings,average_rating,number_of_pages,published_year,first_published,series,genres,awards,places,url
0,['Harry Potter and the Deathly Hallows'],['J.K. Rowling'],[71379],[3106836],[4.61],[759],[2007],[None],[1],"[['Fantasy', 'Young Adult', 'Fiction']]","[['Locus Award Nominee for Best Young Adult Novel (2008)', 'Odyssey Award Nominee (2008)', 'Audie Award (2008)', 'Books I Loved Best Yearly (BILBY) Awards for Older Readers (2008)', 'Teen Read Award Nominee for Best All-Time-Fave (2010)', '', '', '']]","[['London, England', 'Hogwarts School of Witchcraft and Wizardry', 'Pagford']]",['https://www.goodreads.com/book/show/136251.Harry_Potter_and_the_Deathly_Hallows']
1,['And Then There Were None'],['Agatha Christie'],[41873],[988956],[4.26],[264],[2004],[1939],[0],"[['Mystery', 'Classics', 'Fiction']]",[None],"[['', '', '', '']]",['https://www.goodreads.com/book/show/16299.And_Then_There_Were_None']
2,"[""My Sister's Keeper""]",['Jodi Picoult'],[34414],[1112983],[4.08],[423],[2005],[2004],[0],"[['Fiction', 'Contemporary', 'Womens Fiction > Chick Lit']]","[['Audie Award for Multi-Voiced Performance (2005)', ""Pennsylvania Young Readers' Choice Award for Young Adults (2007)"", 'ALA Alex Award (2005)', 'Lincoln Award (2006)', 'Green Mountain Book Award (2007)', '']]","[['United States of America', 'Providence, Rhode Island', 'Rhode Island']]",['https://www.goodreads.com/book/show/10917.My_Sister_s_Keeper']
3,['Harry Potter and the Half-Blood Prince'],['J.K. Rowling'],[44668],[2710242],[4.57],[652],[2006],[2005],[1],"[['Fantasy', 'Young Adult', 'Fiction']]","[['Locus Award Nominee for Best Young Adult Novel (2006)', 'Audie Award for Audiobook of the Year (2006)', 'British Book of the Year (2006)']]","[['Hogwarts School of Witchcraft and Wizardry', 'England']]",['https://www.goodreads.com/book/show/1.Harry_Potter_and_the_Half_Blood_Prince']
4,['The Da Vinci Code'],['Dan Brown'],[49490],[2089596],[3.88],[489],[2006],[2003],[1],"[['Fiction', 'Mystery', 'Thriller']]","[['British Book Award for Book of the Year (2005)', 'Book Sense Book of the Year Award for Adult Fiction (2004)', ""Humo's Gouden Bladwijzer (2004)"", 'Zilveren Vingerafdruk (2004)', ""The Flume: New Hampshire Teen Reader's Choice Award (2006)"", '', '', '', '']]","[['Paris', 'London, England', 'France', '', '']]",['https://www.goodreads.com/book/show/968.The_Da_Vinci_Code']
5,['Gone Girl'],['Gillian Flynn'],[137307],[2574175],[4.09],[415],[2014],[2012],[0],"[['Fiction', 'Mystery', 'Thriller']]","[['Barry Award Nominee for Best Novel (2013)', 'Anthony Award Nominee for Best Novel (2013)', ""Romantic Times Reviewers' Choice Award (RT Award) for Suspense/Thriller Novel (2012)"", 'Shirley Jackson Award Nominee for Novel (Finalist) (2012)', 'Edgar Award Nominee for Best Novel (2013)', '', '', '', '']]","[['North Carthage, Missouri', 'Missouri']]",['https://www.goodreads.com/book/show/19288043-gone-girl']
6,['Fight Club'],['Chuck Palahniuk'],[16054],[536757],[4.18],[224],[2018],[1996],[1],"[['Fiction', 'Classics', 'Contemporary']]",[['Oregon Book Award for Fiction (1997)']],[['United States of America']],['https://www.goodreads.com/book/show/36236124-fight-club']
7,['Harry Potter and the Prisoner of Azkaban'],['J.K. Rowling'],[63368],[3216562],[4.57],[435],[2004],[1999],[1],"[['Fantasy', 'Young Adult', 'Fiction']]","[['Bram Stoker Award for Best Work for Young Readers (1999)', 'Hugo Award Nominee for Best Novel (2000)', 'Locus Award for Best Fantasy Novel (2000)', ""Whitbread Award for Children's Book of the Year (1999)"", ""Mythopoeic Fantasy Award for Children's Literature (2008)"", '', '', '', '', '', '', '', '']]","[['Hogwarts School of Witchcraft and Wizardry', 'London, England']]",['https://www.goodreads.com/book/show/5.Harry_Potter_and_the_Prisoner_of_Azkaban']
8,['The Hunger Games'],['Suzanne Collins'],[179974],[7028705],[4.32],[374],[2008],[2008],[1],"[['Young Adult', 'Fiction', 'Science Fiction > Dystopia']]","[['Locus Award Nominee for Best Young Adult Book (2009)', 'Georgia Peach Book Award (2009)', 'Buxtehuder Bulle (2009)', 'Golden Duck Award for Young Adult (Hal Clement Award) (2009)', ""Grand Prix de l'Imaginaire Nominee for Roman jeunesse étranger (2010)"", '', '', '', '', '', '', '', '', '', '', '', '', '', '', '', '', '', '', '', '', '', '', '', '', '', '', '', '', '', '', '', '', '', '', '', '']]","[['District 12, Panem', 'Capitol, Panem', 'Panem']]",['https://www.goodreads.com/book/show/2767052-the-hunger-games']
9,['Murder on the Orient Express'],['Agatha Christie'],[28230],[456897],[4.18],[274],[2007],[1934],[1],"[['Mystery', 'Classics', 'Fiction']]",[['CWA Best Ever Nominee for Crime Novel (2013)']],[None],['https://www.goodreads.com/book/show/853510.Murder_on_the_Orient_Express']
10,['Angels & Demons'],['Dan Brown'],[30676],[2875993],[3.92],[736],[2006],[2000],[1],"[['Fiction', 'Mystery', 'Thriller']]","[[""Humo's Gouden Bladwijzer (2005)""]]","[['Rome', 'Vatican City', 'Italy']]",['https://www.goodreads.com/book/show/960.Angels_Demons']
11,['Shutter Island'],['Dennis Lehane'],[8925],[188088],[4.07],[369],[2004],[2003],[0],"[['Mystery', 'Fiction', 'Thriller']]","[['Barry Award Nominee for Best Novel (2004)', 'Anthony Award Nominee for Best Novel (2004)', 'Hammett Prize Nominee (2003)', 'Grand Prix des lectrices de Elle for roman policier (2004)']]","[['Massachusetts', 'Shutter Island, Massachusetts']]",['https://www.goodreads.com/book/show/21686.Shutter_Island']
12,['The Murder of Roger Ackroyd'],['Agatha Christie'],[13745],[191398],[4.24],[288],[2006],[1926],[1],"[['Mystery', 'Fiction', 'Classics']]","[['Anthony Award Nominee for Best Novel of the Century (2000)', 'CWA Best Ever for Crime Novel (2013)']]","[[""King's Abbot, England""]]",['https://www.goodreads.com/book/show/16328.The_Murder_of_Roger_Ackroyd']
13,"[""Ender's Game""]",['Orson Scott Card'],[45001],[1226248],[4.3],[324],[2004],[1985],[1],"[['Science Fiction', 'Young Adult', 'Fantasy']]","[['Hugo Award for Best Novel (1986)', 'Nebula Award for Best Novel (1985)', 'Premi Ictineu for Millor novel·la traduïda (2014)', 'Margaret A. Edwards Award (2008)']]",[None],['https://www.goodreads.com/book/show/375802.Ender_s_Game']
14,['Catching Fire'],['Suzanne Collins'],[101085],[2827156],[4.3],[391],[2009],[None],[1],"[['Young Adult', 'Science Fiction > Dystopia', 'Fiction']]","[['Locus Award Nominee for Best Young Adult Book (2010)', 'Golden Duck Award for Young Adult (Hal Clement Award) (2010)', 'Soaring Eagle Book Award (2011)', ""Children's Choice Book Award for Teen Choice Book of the Year (2010)"", 'Indies Choice Book Award for Young Adult (2010)', '', '', '', '']]","[['District 12, Panem', 'Capitol, Panem', 'Panem']]",['https://www.goodreads.com/book/show/6148028-catching-fire']
15,['Harry Potter and the Goblet of Fire'],['J.K. Rowling'],[52841],[2902234],[4.56],[734],[2002],[2000],[1],"[['Fantasy', 'Young Adult', 'Fiction']]","[['Hugo Award for Best Novel (2001)', ""Mythopoeic Fantasy Award for Children's Literature (2008)"", 'Publieksprijs voor het Nederlandse Boek (2001)', 'Audie Award for Solo Narration - Male (2001)', ""West Australian Young Readers' Book Award (WAYRBA) for Younger Readers (2001)"", '', '', '', '']]","[['Hogwarts School of Witchcraft and Wizardry', 'Scotland', 'United Kingdom']]",['https://www.goodreads.com/book/show/6.Harry_Potter_and_the_Goblet_of_Fire']
16,['The Girl with the Dragon Tattoo'],['Stieg Larsson'],[71197],[2829369],[4.15],[480],[2008],[2005],[1],"[['Fiction', 'Mystery', 'Thriller']]","[['Barry Award for Mystery/Crime Novel Of The Decade (2010)', 'Macavity Award for Best First Mystery Novel (2009)', 'Anthony Award for Best First Novel (2009)', 'Glass Key Award (2006)', 'CWA International Dagger Nominee (2008)', '', '', '']]","[['Stockholm', 'Hedeby Island', 'Hedestad, Stockholm', '']]",['https://www.goodreads.com/book/show/2429135.The_Girl_with_the_Dragon_Tattoo']
17,['Rebecca'],['Daphne du Maurier'],[29470],[523088],[4.23],[449],[2013],[1938],[0],"[['Classics', 'Fiction', 'Mystery']]","[['National Book Award for Fiction (1938)', 'Anthony Award for Best Novel of the Century (2000)']]","[['Monte Carlo', 'Cornwall, England']]",['https://www.goodreads.com/book/show/17899948-rebecca']
18,['Life of Pi'],['Yann Martel'],[48789],[1440083],[3.92],[460],[2006],[2001],[0],"[['Fiction', 'Fantasy', 'Classics']]","[['Booker Prize (2002)', 'Bollinger Everyman Wodehouse Prize Nominee for Comic Fiction (2003)', 'Exclusive Books Boeke Prize (2003)', ""Governor General's Literary Awards / Prix littéraires du Gouverneur général Nominee for Fiction (2001)"", 'Lincoln Award Nominee (2005)', '', '', '', '', '']]","[['Pacific Ocean', 'Pondicherry', 'Toronto, Ontario', '']]",['https://www.goodreads.com/book/show/4214.Life_of_Pi']
19,['Atonement'],['Ian McEwan'],[18559],[472499],[3.91],[351],[2003],[2001],[0],"[['Fiction', 'Historical > Historical Fiction', 'Classics']]","[['Booker Prize Nominee (2001)', 'James Tait Black Memorial Prize Nominee for Fiction (2001)', 'Whitbread Award Nominee for Novel (2001)', 'WH Smith Literary Award (2002)', 'Los Angeles Times Book Prize for Fiction (2002)', '', '', '', '', '', '']]","[['England', 'France', 'London, England', '']]",['https://www.goodreads.com/book/show/6867.Atonement']
20,['The Book Thief'],['Markus Zusak'],[121479],[2062788],[4.38],[552],[2006],[2005],[0],"[['Historical > Historical Fiction', 'Fiction', 'Young Adult']]","[['National Jewish Book Award for Children’s and Young Adult Literature (2006)', ""Book Sense Book of the Year Award for Children's Literature (2007)"", 'Buxtehuder Bulle (2008)', 'Sydney Taylor Book Award for Teen Readers (2007)', 'Prijs van de Kinder- en Jeugdjury Vlaanderen (2009)', '', '', '', '', '', '', '', '', '', '', '', '', '', '', '']]","[['Molching', 'Germany']]",['https://www.goodreads.com/book/show/19063.The_Book_Thief']
21,"[""One Flew Over the Cuckoo's Nest""]",['Ken Kesey'],[12428],[673567],[4.19],[325],[1963],[1962],[0],"[['Classics', 'Fiction', 'Literature']]",[None],"[['Salem, Oregon']]",['https://www.goodreads.com/book/show/332613.One_Flew_Over_the_Cuckoo_s_Nest']
22,['The Thirteenth Tale'],['Diane Setterfield'],[24150],[296284],[3.96],[406],[2006],[None],[0],"[['Fiction', 'Mystery', 'Historical > Historical Fiction']]","[['Dilys Award Nominee (2007)', 'ALA Alex Award (2007)', 'The Quill Award for Debut Author (2007)']]",[['Angelfield']],['https://www.goodreads.com/book/show/40440.The_Thirteenth_Tale']
23,['The Kite Runner'],['Khaled Hosseini'],[80596],[2655772],[4.31],[371],[2004],[2003],[0],"[['Fiction', 'Historical > Historical Fiction', 'Contemporary']]","[['Borders Original Voices Award for Fiction (2003)', ""Humo's Gouden Bladwijzer (2008)"", 'Exclusive Books Boeke Prize (2004)', 'ALA Alex Award (2004)', 'Puddly Award for Fiction (2006)', '', '', '']]","[['Kabul', 'Afghanistan']]",['https://www.goodreads.com/book/show/77203.The_Kite_Runner']
24,['Nineteen Minutes'],['Jodi Picoult'],[16518],[320771],[4.12],[440],[2007],[None],[0],"[['Fiction', 'Contemporary', 'Womens Fiction > Chick Lit']]","[['Iowa High School Book Award (2010)', 'Lincoln Award Nominee (2010)', 'LovelyBooks Leserpreis Nominee for Allgemeine Literatur (2009)']]",[['New Hampshire']],['https://www.goodreads.com/book/show/14866.Nineteen_Minutes']
25,['Breaking Dawn'],['Stephenie Meyer'],[48817],[1455746],[3.71],[756],[2008],[None],[1],"[['Young Adult', 'Fantasy', 'Romance']]","[[""Children's Choice Book Award for Teen Choice Book of the Year (2009)"", 'LovelyBooks Leserpreis Nominee for Allgemeine Literatur (2009)', 'LovelyBooks Leserpreis for Romantik/Liebe/Gefühl (2009)']]","[['Forks, Washington', 'Washington (state)']]",['https://www.goodreads.com/book/show/1162543.Breaking_Dawn']
26,['A Game of Thrones'],['George R.R. Martin'],[56590],[2164527],[4.44],[835],[2005],[1996],[1],"[['Fantasy', 'Fiction', 'Fantasy > Epic Fantasy']]","[['Nebula Award Nominee for Best Novel (1997)', 'Locus Award for Best Fantasy Novel (1997)', 'World Fantasy Award Nominee for Best Novel (1997)', 'Premio Ignotus for Novela extranjera (2003)']]",[['The Lands of Ice and Fire']],['https://www.goodreads.com/book/show/13496.A_Game_of_Thrones']
27,['Jane Eyre'],['Charlotte Brontë'],[48178],[1779530],[4.13],[532],[2003],[1847],[0],"[['Classics', 'Fiction', 'Romance']]",[None],"[['Thornfield Hall', 'England', 'United Kingdom']]",['https://www.goodreads.com/book/show/10210.Jane_Eyre']
28,['The Host'],['Stephenie Meyer'],[42185],[952752],[3.85],[624],[2008],[None],[1],"[['Young Adult', 'Science Fiction', 'Fantasy']]",[None],[['Arizona']],['https://www.goodreads.com/book/show/1656001.The_Host']
29,"[""Harry Potter and the Sorcerer's Stone""]",['J.K. Rowling'],[125855],[7987376],[4.47],[309],[2003],[1997],[1],"[['Fantasy', 'Fiction', 'Young Adult']]","[[""Mythopoeic Fantasy Award for Children's Literature (2008)"", ""British Book Award for Children's Book of the Year (1998)"", 'Prijs van de Nederlandse Kinderjury for 6-9 jaar en 10-12 jaar (2002)', 'American Booksellers Book Of The Year Award for Children (1999)', 'Audie Award (2000)', '', '', '', '', '', '', '', '', '', '', '', '', '', '', '', '', '', '', '', '', '', '', '']]","[['London, England', 'Hogwarts School of Witchcraft and Wizardry', 'Hogwarts School of Witchcraft and Wizardry']]",['https://www.goodreads.com/book/show/3.Harry_Potter_and_the_Sorcerer_s_Stone']
30,['The Elephant Tree'],['R.D. Ronald'],[362],[97553],[4.19],[252],[2010],[None],[0],"[['Thriller', 'Fiction', 'Mystery']]",[None],[None],['https://www.goodreads.com/book/show/9293020-the-elephant-tree']
31,['Water for Elephants'],['Sara Gruen'],[59865],[1468946],[4.09],[335],[2007],[2006],[0],"[['Fiction', 'Historical > Historical Fiction', 'Romance']]","[['Book Sense Book of the Year Award for Adult Fiction (2007)', 'ALA Alex Award (2007)', 'The Quill Award Nominee for General Fiction (2006)', 'LovelyBooks Leserpreis Nominee for Allgemeine Literatur (2009)']]","[['United States of America', 'Joliet, Illinois', 'Ithaca, New York']]",['https://www.goodreads.com/book/show/43641.Water_for_Elephants']
32,['The Westing Game'],['Ellen Raskin'],[11659],[195393],[4.0],[182],[2004],[1978],[0],"[['Mystery', 'Young Adult', 'Fiction']]","[['Newbery Medal (1979)', 'Banta Award', 'Vermont Golden Dome Book Award Nominee (1980)', 'Boston Globe-Horn Book Award for Fiction (1978)', ""National Book Award Finalist for Children's Book, Fiction (Paperback) (1981)"", '']]","[['Westingtown', 'Milwaukee, Wisconsin']]",['https://www.goodreads.com/book/show/902.The_Westing_Game']
33,['The Wasp Factory'],['Iain Banks'],[4853],[97548],[3.8],[192],[1998],[1984],[0],"[['Fiction', 'Horror', 'Thriller']]",[['Kurd-Laßwitz-Preis for Foreign Novel (1992)']],[['Scotland']],['https://www.goodreads.com/book/show/567678.The_Wasp_Factory']
34,['Watchmen'],['Alan Moore'],[15195],[511831],[4.37],[416],[2005],[1987],[1],"[['Sequential Art > Graphic Novels', 'Sequential Art > Comics', 'Fiction']]","[['Hugo Award for Other Forms (1988)', 'Locus Award for Best Non-Fiction/Art (1988)', 'Harvey Awards for Best Writer (for Alan Moore), Best Artist or Penciller (for Dave Gibbons), Best Continuing or Limited Series, Best Single Issue (""Watchmen #9""), Best Graphic Album, Best Colorist (for John Higgins) & Special Award for Excellence in Production (1988)', ""Prix du Festival d'Angoulême for Alph-art du meilleur album étranger (1989)"", 'Urhunden Prize for Foreign Album (1992)', '', '']]","[['New York City, New York']]",['https://www.goodreads.com/book/show/472331.Watchmen']
35,['City of Bones'],['Cassandra Clare'],[66570],[1772846],[4.09],[485],[2007],[None],[1],"[['Young Adult', 'Fantasy > Paranormal', 'Romance']]","[['Locus Award Nominee for Best First Novel (2008)', 'Georgia Peach Book Award Nominee for Honor book (2009)', 'South Carolina Book Award Nominee for Young Adult Book Award (2010)', ""Pacific Northwest Library Association Young Reader's Choice Award (2010)"", 'Lincoln Award (2010)']]","[['New York City, New York']]",['https://www.goodreads.com/book/show/256683.City_of_Bones']
36,['Holes'],['Louis Sachar'],[22148],[1054510],[3.98],[233],[2000],[1998],[1],"[['Young Adult', 'Fiction', 'Childrens']]","[['Newbery Medal (1999)', ""National Book Award for Young People's Literature (1998)"", ""West Australian Young Readers' Book Award (WAYRBA) for Older Readers (2001)"", 'Grand Canyon Reader Award for Teen Book (2001)', 'Nene Award (2001)', '', '', '', '', '', '', '', '', '', '', '', '', '', '', '', '', '']]","[['Green Lake, Texas']]",['https://www.goodreads.com/book/show/38709.Holes']
37,['The Picture of Dorian Gray'],['Oscar Wilde'],[39009],[1116896],[4.1],[272],[2004],[1890],[0],"[['Classics', 'Fiction', 'Horror']]",[None],[['England']],['https://www.goodreads.com/book/show/5297.The_Picture_of_Dorian_Gray']
38,['Mockingjay'],['Suzanne Collins'],[108130],[2612648],[4.05],[398],[2010],[None],[1],"[['Young Adult', 'Science Fiction > Dystopia', 'Fiction']]","[['Locus Award Nominee for Best Young Adult Book (2011)', ""Children's Choice Book Award Nominee for Teen Choice Book of the Year (2011)"", 'Andre Norton Award Nominee (2010)', 'DABWAHA Romance Tournament for Best Young Adult Romance (2011)', 'Goodreads Choice Award for Favorite Book and for Young Adult Fantasy (2010)']]","[['District 13, Panem', 'District 12, Panem', 'Capitol, Panem', '']]",['https://www.goodreads.com/book/show/7260188-mockingjay']
39,['The Lovely Bones'],['Alice Sebold'],[42087],[2144745],[3.83],[372],[2006],[2002],[0],"[['Fiction', 'Mystery', 'Young Adult']]","[['Bram Stoker Award for Best First Novel (2002)', 'Orange Prize Nominee for Fiction Longlist (2003)', 'British Book Award for Best Read of the Year (2004)', 'Book Sense Book of the Year Award for Adult Fiction (2003)', 'California Book Award for First Fiction (Silver) (2002)', '', '', '', '', '', '', '']]","[['Philadelphia, Pennsylvania', 'Pennsylvania', 'United States of America']]",['https://www.goodreads.com/book/show/12232938-the-lovely-bones']
40,['Invisible Monsters'],['Chuck Palahniuk'],[6035],[139930],[3.97],[304],[2018],[1999],[0],"[['Fiction', 'Contemporary', 'Thriller']]",[None],[None],['https://www.goodreads.com/book/show/36236125-invisible-monsters']
41,['The Firm'],['Robin Waterfield'],[3624],[597962],[4.03],[76],[2000],[1991],[0],"[['Fiction', 'Thriller', 'Mystery']]",[None],"[['Memphis, Tennessee', 'Tennessee']]",['https://www.goodreads.com/book/show/5358.The_Firm']
42,['The Shadow of the Wind'],['Carlos Ruiz Zafón'],[40719],[531441],[4.27],[487],[2005],[2001],[1],"[['Fiction', 'Historical > Historical Fiction', 'Mystery']]","[['Barry Award for Best First Novel (2005)', 'Gumshoe Award Nominee for Best European Crime Novel (2005)', 'Borders Original Voices Award for Fiction (2004)', 'Dilys Award Nominee (2005)', ""Humo's Gouden Bladwijzer (2006)"", '', '', '', '']]","[['Spain', 'Barcelona, Catalonia']]",['https://www.goodreads.com/book/show/1232.The_Shadow_of_the_Wind']
43,['The Zombie Room'],['R.D. Ronald'],[324],[96949],[4.2],[241],[2016],[2012],[0],"[['Thriller', 'Fiction', 'Mystery']]",[None],[None],['https://www.goodreads.com/book/show/29908754-the-zombie-room']
44,['Lord of the Flies'],['William Golding'],[42461],[2475937],[3.69],[182],[1999],[1954],[0],"[['Classics', 'Fiction', 'Young Adult']]",[None],[None],['https://www.goodreads.com/book/show/7624.Lord_of_the_Flies']
45,['Presumed Innocent'],['Scott Turow'],[1655],[115789],[4.1],[421],[1988],[1987],[1],"[['Mystery', 'Fiction', 'Thriller']]","[['CWA Silver Dagger for Fiction (1987)', 'Martin Beck Award (1988)']]",[None],['https://www.goodreads.com/book/show/425029.Presumed_Innocent']
46,['Harry Potter and the Chamber of Secrets'],['J.K. Rowling'],[60140],[3083022],[4.43],[341],[1999],[1998],[1],"[['Fantasy', 'Young Adult', 'Fiction']]","[[""Mythopoeic Fantasy Award for Children's Literature (2008)"", 'British Book Award (1999)', 'Prijs van de Jonge Jury (2002)', 'Books I Loved Best Yearly (BILBY) Awards for Older Readers (2006)', 'Colorado Blue Spruce Young Adult Book Award (2008)', '', '']]","[['Hogwarts School of Witchcraft and Wizardry', 'Hogwarts School of Witchcraft and Wizardry', 'Hogwarts School of Witchcraft and Wizardry', '']]",['https://www.goodreads.com/book/show/15881.Harry_Potter_and_the_Chamber_of_Secrets']
47,['American Psycho'],['Bret Easton Ellis'],[11574],[268553],[3.82],[399],[1991],[None],[0],"[['Fiction', 'Horror', 'Classics']]",[None],"[['New York City, New York', 'Wall Street, New York City, New York', 'Manhattan, New York City, New York']]",['https://www.goodreads.com/book/show/28676.American_Psycho']
48,['Tell No One'],['Harlan Coben'],[6107],[139968],[4.07],[370],[2009],[2001],[0],"[['Mystery', 'Thriller', 'Fiction']]","[['Barry Award Nominee for Best Novel (2002)', 'Macavity Award Nominee for Best Mystery Novel (2002)', 'Anthony Award Nominee for Best Novel (2002)', 'Audie Award for Mystery (2002)', 'Edgar Award Nominee for Best Novel (2002)', '', '']]",[['United States of America']],['https://www.goodreads.com/book/show/43933.Tell_No_One']
49,['Toe to Toe'],['Deborah Leblanc'],[70],[13464],[4.28],[304],[2018],[2015],[1],"[['Contemporary', 'Fiction', 'Novels']]",[None],[None],['https://www.goodreads.com/book/show/26157586-toe-to-toe']
50,['Una Historia de Ayer'],['Sergio Cobo'],[872],[23140],[4.45],[75],[2014],[None],[0],"[['Thriller', 'European Literature > Spanish Literature', 'Literature > European Literature']]",[None],[None],['https://www.goodreads.com/book/show/25036229-una-historia-de-ayer']
51,['The Lost Symbol'],['Dan Brown'],[28045],[565336],[3.73],[509],[2009],[None],[1],"[['Fiction', 'Mystery', 'Thriller']]","[['Goodreads Choice Award Nominee for Favorite Book, Fiction & Mystery/Thriller (2009)', 'LovelyBooks Leserpreis Nominee for Krimi (2009)']]","[['Washington, D.C.']]",['https://www.goodreads.com/book/show/6411961-the-lost-symbol']
52,['The Secret History'],['Donna Tartt'],[31161],[398250],[4.11],[559],[2004],[1992],[0],"[['Fiction', 'Mystery', 'Contemporary']]","[['Mekka-prijs (1994)', 'Prix des libraires du Québec for Lauréats hors Québec (1994)']]","[['Hampden College, Vermont', 'Vermont', 'United States of America', '']]",['https://www.goodreads.com/book/show/29044.The_Secret_History']
53,['A Clockwork Orange'],['Anthony Burgess'],[15580],[652494],[3.99],[213],[2019],[1962],[0],"[['Classics', 'Fiction', 'Science Fiction']]",[['Prometheus Hall of Fame Award (2008)']],[['England']],['https://www.goodreads.com/book/show/41817486-a-clockwork-orange']
54,['Fahrenheit 451'],['Ray Bradbury'],[54948],[1909738],[3.98],[194],[2011],[1953],[0],"[['Classics', 'Fiction', 'Science Fiction']]","[['Prometheus Hall of Fame Award (1984)', 'Geffen Award for Best Translated SF Book (2002)', 'California Book Award for Fiction (Silver) (1953)', 'Retro Hugo Award for Best Novel (2004)']]",[None],['https://www.goodreads.com/book/show/13079982-fahrenheit-451']
55,['Trainspotting'],['Irvine Welsh'],[3017],[167794],[4.05],[431],[1994],[1993],[1],"[['Fiction', 'Contemporary', 'Classics']]",[None],"[['London, England', 'Edinburgh, Scotland', 'Scotland']]",['https://www.goodreads.com/book/show/135836.Trainspotting']
56,['1984'],['George Orwell'],[82140],[3590214],[4.19],[298],[2013],[1949],[0],"[['Classics', 'Fiction', 'Science Fiction']]","[['Prometheus Hall of Fame Award (1984)', 'Locus Award Nominee for All-Time Best Science Fiction Novel (1987)']]",[None],['https://www.goodreads.com/book/show/40961427-1984']
57,['Great Expectations'],['Charles Dickens'],[17812],[704238],[3.78],[544],[1998],[1860],[0],"[['Classics', 'Fiction', 'Literature']]","[['Audie Award for Classic (2010)', 'Премія імені Максима Рильського (1993)']]",[None],['https://www.goodreads.com/book/show/2623.Great_Expectations']
58,['The Girl on the Train'],['Paula Hawkins'],[114737],[2386296],[3.94],[325],[2015],[2015],[0],"[['Fiction', 'Mystery', 'Thriller']]","[['ITW Thriller Award Nominee for Best Hardcover Novel (2016)', 'Audie Award for Audiobook of the Year (2016)', 'Australian Book Industry Award (ABIA) Nominee for International Book (2016)', 'Goodreads Choice Award for Mystery & Thriller (2015)', 'Waterstones Book of the Year Nominee (2015)', '']]","[['London, England', 'England']]",['https://www.goodreads.com/book/show/22557272-the-girl-on-the-train']
59,['The Boy in the Striped Pajamas'],['John Boyne'],[29673],[618056],[4.15],[240],[2006],[2006],[0],"[['Historical > Historical Fiction', 'Fiction', 'Young Adult']]","[[""Pacific Northwest Library Association Young Reader's Choice Award for Intermediate (2009)"", 'Deutscher Jugendliteraturpreis Nominee for Preis der Jugendjury (2008)', ""Bord Gáis Energy Irish Book Award for John Murray Show Listeners' Choice Award (2007)"", 'LovelyBooks Leserpreis Nominee for Allgemeine Literatur (2009)', 'Premi Protagonista Jove for Categoria 15-16 anys (2008)']]","[['Germany', 'Poland', 'Auschwitz']]",['https://www.goodreads.com/book/show/39999.The_Boy_in_the_Striped_Pajamas']
60,['Odd Thomas'],['Dean Koontz'],[7730],[267793],[3.96],[446],[2006],[2003],[1],"[['Horror', 'Fiction', 'Mystery']]",[['Lincoln Award Nominee (2006)']],"[['Pico Mundo, California']]",['https://www.goodreads.com/book/show/14995.Odd_Thomas']
61,['The Name of the Rose'],['Umberto Eco'],[10131],[329168],[4.13],[536],[1994],[1980],[0],"[['Fiction', 'Historical > Historical Fiction', 'Mystery']]","[['إمبيرتو', 'Premio Strega (1981)', 'Los Angeles Times Book Prize Nominee for Fiction (1983)', 'Edgar Award Nominee for Best Novel (1984)', 'PEN Translation Prize for William Weaver (1984)', '', '', '', '']]","[['Italian Benedictine monastery', 'Italy']]",['https://www.goodreads.com/book/show/119073.The_Name_of_the_Rose']
62,['Requiem for a Dream'],['Hubert Selby Jr.'],[1354],[64886],[4.06],[279],[1999],[1978],[0],"[['Fiction', 'Thriller', 'Classics']]",[None],"[['Coney Island, New York']]",['https://www.goodreads.com/book/show/46945.Requiem_for_a_Dream']
63,['Dark Places'],['Gillian Flynn'],[37775],[648969],[3.93],[349],[2009],[None],[0],"[['Mystery', 'Fiction', 'Thriller']]","[['Black Quill Award for Dark Genre Novel of the Year (2010)', 'CWA Ian Fleming Steel Dagger Nominee (2010)']]","[['Kinnakee, Kansas', 'Kansas City, Missouri']]",['https://www.goodreads.com/book/show/5886881-dark-places']
64,['Wuthering Heights'],['Emily Brontë'],[43524],[1484722],[3.87],[464],[2002],[1847],[0],"[['Classics', 'Fiction', 'Romance']]",[None],[None],['https://www.goodreads.com/book/show/6185.Wuthering_Heights']
65,['Fingersmith'],['Sarah Waters'],[6395],[98960],[3.98],[592],[2002],[None],[0],"[['Historical > Historical Fiction', 'Fiction', 'LGBT']]","[['Booker Prize Nominee (2002)', 'Stonewall Book Award Nominee for Literature (2003)', 'Orange Prize Nominee for Fiction Shortlist (2002)', 'CWA Ellis Peters Historical Award (2002)', 'Lambda Literary Award for Lesbian Fiction (2003)', '']]","[['London, England']]",['https://www.goodreads.com/book/show/8913370-fingersmith']
66,['I Am Legend and Other Stories'],['Richard Matheson'],[5192],[125558],[4.01],[317],[1997],[1954],[0],"[['Horror', 'Fiction', 'Science Fiction']]",[None],"[['Los Angeles, California']]",['https://www.goodreads.com/book/show/547094.I_Am_Legend_and_Other_Stories']
67,['Factotum'],['Charles Bukowski'],[2063],[69291],[3.94],[208],[2002],[1975],[0],"[['Fiction', 'Classics', 'Thriller']]",[None],"[['New Orleans, Louisiana', 'Los Angeles, California', 'New York City, New York', '', '', '', '']]",['https://www.goodreads.com/book/show/497199.Factotum']
68,['Lunar Park'],['Bret Easton Ellis'],[1063],[35985],[3.67],[404],[2006],[2005],[0],"[['Fiction', 'Thriller', 'Horror']]",[['World Fantasy Award Nominee for Best Novel (2006)']],[None],['https://www.goodreads.com/book/show/4031.Lunar_Park']
69,['Plain Truth'],['Jodi Picoult'],[7416],[172947],[3.97],[405],[2004],[2000],[0],"[['Fiction', 'Mystery', 'Contemporary']]",[['Mary Higgins Clark Award Nominee (2001)']],"[['Paradise, Pennsylvania']]",['https://www.goodreads.com/book/show/14864.Plain_Truth']
70,['Skagboys'],['Irvine Welsh'],[629],[28089],[3.96],[548],[2012],[None],[1],"[['Fiction', 'Thriller', 'Mystery']]",[None],"[['Edinburgh, Scotland']]",['https://www.goodreads.com/book/show/12926063-skagboys']
71,['The Gift of the Magi'],['O. Henry'],[2068],[86636],[4.1],[26],[2006],[1905],[0],"[['Classics', 'Short Stories', 'Fiction']]",[None],[['United States of America']],['https://www.goodreads.com/book/show/143534.The_Gift_of_the_Magi']
72,['The Spy Who Came In from the Cold'],['John le Carré'],[5303],[98554],[4.04],[224],[2001],[1963],[1],"[['Fiction', 'Thriller', 'Mystery']]","[['Somerset Maugham Award (1964)', 'Edgar Award for Best Novel (1965)', 'CWA Gold Dagger Award for Fiction (1963)', 'The CWA Dagger of Daggers (2005)']]",[['Berlin']],['https://www.goodreads.com/book/show/19494.The_Spy_Who_Came_In_from_the_Cold']
73,['American Gods'],['Neil Gaiman'],[41167],[825385],[4.1],[635],[2011],[2001],[1],"[['Fantasy', 'Fiction', 'Fantasy > Urban Fantasy']]","[['Bram Stoker Award for Best Novel (2001)', 'Hugo Award for Best Novel (2002)', 'Nebula Award for Best Novel (2002)', 'Locus Award for Best Fantasy Novel (2002)', 'International Horror Guild Award Nominee for Best Novel (2001)', '', '', '', '', '', '', '', '']]","[['United States of America', 'Chicago, Illinois', 'Chattanooga, Tennessee', '', '', '']]",['https://www.goodreads.com/book/show/30165203-american-gods']
74,['In the Woods'],['Tana French'],[23874],[353090],[3.77],[429],[2008],[2007],[1],"[['Mystery', 'Fiction', 'Thriller']]","[['Barry Award for Best First Novel (2008)', 'Macavity Award for Best First Mystery Novel (2008)', 'Anthony Award for Best First Novel (2008)', 'Edgar Award for Best First Novel by an American Author (2008)']]","[['Dublin', 'Ireland']]",['https://www.goodreads.com/book/show/2459785.In_the_Woods']
75,['Treacherous Estate'],['Behcet Kaya'],[73],[16363],[4.29],[314],[2018],[None],[1],"[['Contemporary', 'Drama', 'Novels']]",[None],[None],['https://www.goodreads.com/book/show/40949958-treacherous-estate']
76,['The Outlands'],['Tyler Edwards'],[145],[683],[4.16],[452],[2020],[None],[1],"[['Young Adult', 'Science Fiction > Dystopia', 'Science Fiction']]",[None],[None],['https://www.goodreads.com/book/show/56305116-the-outlands']
77,['The Forgotten Garden'],['Kate Morton'],[19206],[208532],[4.12],[648],[2008],[None],[0],"[['Fiction', 'Historical > Historical Fiction', 'Mystery']]","[['Australian Book Industry Award (ABIA) for General Fiction (2009)', '本屋大賞 Nominee for Translated Fiction (2012)']]","[['Australia', 'Cornwall, England', 'London, England']]",['https://www.goodreads.com/book/show/3407877-the-forgotten-garden']
78,['The Hound of the Baskervilles'],['Arthur Conan Doyle'],[9313],[288932],[4.12],[256],[2001],[1901],[1],"[['Classics', 'Mystery', 'Fiction']]","[['Audie Award for Best Audio Drama (2015)', 'CWA Best Ever Nominee for Crime Novel (2013)']]","[['United Kingdom', 'Devon, England', 'London, England', '']]",['https://www.goodreads.com/book/show/8921.The_Hound_of_the_Baskervilles']
79,"['The Lion, the Witch and the Wardrobe']",['C.S. Lewis'],[24975],[2346376],[4.22],[206],[2005],[1950],[1],"[['Fantasy', 'Classics', 'Fiction']]","[['Lewis Carroll Shelf Award (1962)', ""The Keith Barker Millennium Children's Book Awards 'Children's Book of the Century'"", 'Retro Hugo Award Nominee for Best Novel (2001)']]",[['Narnia']],['https://www.goodreads.com/book/show/100915.The_Lion_the_Witch_and_the_Wardrobe']
80,['The Thief'],['Megan Whalen Turner'],[8492],[80472],[3.85],[280],[2005],[1996],[1],"[['Fantasy', 'Young Adult', 'Fiction']]","[['Newbery Medal Nominee (1997)', 'Mythopoeic Fantasy Award for Children’s Literature (2011)', 'Vermont Golden Dome Book Award Nominee (1998)']]",[None],['https://www.goodreads.com/book/show/448873.The_Thief']
81,['The End'],['Lemony Snicket'],[4746],[95751],[4.01],[324],[2006],[None],[1],"[['Fiction', 'Young Adult', 'Childrens']]",[None],[None],['https://www.goodreads.com/book/show/65112.The_End']
82,['Defending Jacob'],['William Landay'],[22021],[286304],[3.98],[421],[2012],[None],[0],"[['Fiction', 'Mystery', 'Thriller']]","[['Barry Award Nominee for Best Novel (2013)', 'Hammett Prize Nominee (2012)', 'Strand Critics Award for Best Novel (2012)', 'Goodreads Choice Award Nominee for Mystery & Thriller and for Goodreads Author (2012)']]","[['Massachusetts', 'Newton, Massachussets']]",['https://www.goodreads.com/book/show/11367726-defending-jacob']
83,['The Help'],['Kathryn Stockett'],[86306],[2357654],[4.46],[464],[2009],[None],[0],"[['Fiction', 'Historical > Historical Fiction', 'Historical']]","[['Orange Prize Nominee for Fiction Longlist (2010)', 'Audie Award for Fiction (2010)', 'Exclusive Books Boeke Prize (2009)', 'SIBA Book Award for Fiction (2010)', 'Indies Choice Book Award for Adult Debut (2010)', '', '', '', '', '']]","[['Jackson, Mississippi', 'Mississippi', 'United States of America']]",['https://www.goodreads.com/book/show/4667024-the-help']
84,['Slow Brewing Tea'],['Randy Loubier'],[68],[14107],[4.32],[None],[2020],[2020],[0],"[['Fiction', 'Drama', 'Contemporary']]",[None],[None],['https://www.goodreads.com/book/show/55014950-slow-brewing-tea']
85,['In Our Bones'],['Pernell Plath Meier'],[54],[6326],[4.29],[266],[2020],[None],[0],"[['Contemporary', 'Fiction', 'Novels']]",[None],[['Minnesota']],['https://www.goodreads.com/book/show/55525261-in-our-bones']
86,['The Talented Mr. Ripley'],['Patricia Highsmith'],[4036],[79093],[3.92],[320],[2008],[1955],[1],"[['Fiction', 'Mystery', 'Thriller']]","[['Grand Prix de Littérature Policière for Romans étrangers (1957)', 'Edgar Award Nominee for Best Novel (1956)']]","[['Italy', 'New York City, New York', 'Italian Riviera']]",['https://www.goodreads.com/book/show/2247142.The_Talented_Mr_Ripley']
87,['The Girl Who Played with Fire'],['Stieg Larsson'],[35094],[861414],[4.24],[503],[2009],[2006],[1],"[['Fiction', 'Mystery', 'Thriller']]","[['Anthony Award Nominee for Best Novel (2010)', 'Dilys Award Nominee (2010)', 'CWA International Dagger Nominee (2009)', 'Svenska Deckarakademins pris för bästa svenska kriminalroman (2006)', 'Goodreads Choice Award for Mystery/Thriller (2009)']]","[['Stockholm', 'Sweden']]",['https://www.goodreads.com/book/show/5060378-the-girl-who-played-with-fire']
88,['The Pact'],['Jodi Picoult'],[10548],[286483],[4.01],[512],[2006],[1998],[0],"[['Fiction', 'Romance', 'Contemporary']]",[None],[None],['https://www.goodreads.com/book/show/10916.The_Pact']
89,['The Golden Compass'],['Philip Pullman'],[24390],[1381323],[4.0],[399],[1996],[1995],[1],"[['Fantasy', 'Young Adult', 'Fiction']]","[[""Guardian Children's Fiction Prize (1996)"", ""Audie Award for Children's Titles (2000)"", 'Lincoln Award Nominee (2005)', 'Carnegie Medal (1995)']]","[['Oxford, England', 'Svalbard, Spitsbergen']]",['https://www.goodreads.com/book/show/119322.The_Golden_Compass']
90,['The House at Riverton'],['Kate Morton'],[8483],[113438],[3.93],[599],[2007],[2006],[0],"[['Historical > Historical Fiction', 'Fiction', 'Mystery']]",[['Australian Book Industry Award (ABIA) for General Fiction and Nominee for Newcomer (2007)']],[['Riverton Manor']],['https://www.goodreads.com/book/show/1278752.The_House_at_Riverton']
91,['The Last Lumenian'],['S.G. Blaise'],[345],[8626],[4.31],[328],[2020],[None],[0],"[['Novels', 'Contemporary', 'Drama']]",[None],[None],['https://www.goodreads.com/book/show/54329757-the-last-lumenian']
92,['The Moonstone'],['Wilkie Collins'],[4965],[90775],[3.9],[528],[2001],[1868],[0],"[['Classics', 'Mystery', 'Fiction']]",[['CWA Best Ever Nominee for Crime Novel (2013)']],"[['United Kingdom', 'England', 'Kathiawar']]",['https://www.goodreads.com/book/show/6138.The_Moonstone']
93,['Appellate Judge'],['Behcet Kaya'],[21],[7006],[4.3],[None],[2020],[None],[1],"[['Novels', 'Contemporary', 'Drama']]",[None],[None],['https://www.goodreads.com/book/show/56121234-appellate-judge']
94,['Oedipus Rex'],['Sophocles'],[3903],[185496],[3.71],[75],[2006],[None],[1],"[['Classics', 'Plays', 'Fiction']]",[None],"[['Greece', 'Thebes']]",['https://www.goodreads.com/book/show/1554.Oedipus_Rex']
95,['Body In The Woods'],['Behcet Kaya'],[48],[6800],[4.29],[389],[2019],[None],[1],"[['Contemporary', 'Novels', 'Drama']]",[None],[None],['https://www.goodreads.com/book/show/48502633-body-in-the-woods']
96,['I Am the Messenger'],['Markus Zusak'],[14686],[154383],[4.01],[357],[2006],[2002],[0],"[['Young Adult', 'Fiction', 'Mystery']]","[[""New South Wales Premier's Literary Award for Ethel Turner Prize for Young People's Literature (2003)"", ""Children's Book Council of Australia Award for Book of the Year: Older Readers (2003)"", 'Michael L. Printz Award Nominee (2006)', 'Deutscher Jugendliteraturpreis for Preis der Jugendjury (2007)', 'Lincoln Award Nominee (2009)', '', '', '']]",[['Australia']],['https://www.goodreads.com/book/show/19057.I_Am_the_Messenger']
97,['Making Hearts'],['Jack Getze'],[54],[7804],[4.3],[148],[2020],[2020],[0],"[['Contemporary', 'Novels', 'Drama']]",[None],[None],['https://www.goodreads.com/book/show/56313556-making-hearts']
98,['Broken Promises (Past Imperfect Mystery Book 1)'],['Anne Willow'],[33],[6629],[4.29],[229],[2018],[None],[0],"[['Fiction', 'Contemporary', 'Young Adult']]",[None],[None],['https://www.goodreads.com/book/show/40121205-broken-promises']
99,['Under the Bus'],['Kyle Keyes'],[13],[7296],[4.31],[222],[2021],[None],[0],"[['Novels', 'Drama', 'Contemporary']]",[None],[None],['https://www.goodreads.com/book/show/57243935-under-the-bus']
